id,name
1,단호박
2,찹쌀가루
3,식용유
4,도토리묵
5,달래
6,김
7,통깨
8,간장
9,고춧가루
10,설탕
11,다진마늘
12,참기름
13,시금치
14,쌈장
15,깨
16,미나리
17,대파
18,매실액
19,깨소금
20,메추리알
21,양파
22,카레가루
23,물
24,소금
25,건무화과발효종
26,세몰리나듀럼밀
27,우유
28,생크림
29,달걀
30,원당
31,무염버터
32,검은깨
33,녹차
34,아몬드가루
35,슈가파우더
36,크림치즈
37,레몬즙
38,굴
39,고추
40,밀가루
41,콩나물
42,어묵
43,당근
44,쪽파
45,후추
46,굴소스
47,고구마
48,올리고당
49,견과류
50,버터
51,더덕
52,고추장
53,진간장
54,맛술
55,참깨
56,또띠아
57,토마토파스타소스
58,머스타드소스
59,모짜렐라치즈
60,체다치즈
61,사과
62,토마토
63,발사믹드레싱
64,루꼴라
65,파마산치즈
66,꼬막
67,부침가루
68,올리브오일
69,빵가루
70,슬라이스치즈
71,랍스터
72,마늘
73,레몬
74,파슬리
75,마요네즈
76,피자치즈
77,라면
78,떡국떡
79,파
80,청양고추
81,유채나물
82,조기
83,다시마
84,매실청
85,참치액
86,생강즙
87,두부
88,칠게
89,올리브유
90,전분가루
91,생강술
92,파프리카
93,청주
94,박력분
95,파스타면
96,콜비치즈
97,올리브
98,천일염
99,아귀
100,돌미나리
101,고추기름
102,된장
103,생강
104,멸치액젓
105,양파즙
106,황설탕
107,식빵
108,잣
109,식초
110,오이
111,바질
112,현미
113,열무김치
114,부추무생채
115,필로페스트리
116,피칸
117,아몬드
118,피스타치오
119,시나몬파우더
120,꿀
121,돔
122,무우
123,포도씨유
124,원추리
125,굴비
126,카놀라유
127,생강효소
128,양조간장
129,참나물
130,맛간장
131,들기름
132,액젓
133,밥
134,바게트
135,코코넛오일
136,강력분
137,럼
138,시나몬가루
139,근대
140,게맛살
141,순두부
142,국간장
143,눈개승마
144,감자
145,멸치다시팩
146,양파가루
147,표고버섯가루
148,꽈리고추
149,초고추장
150,스파게티
151,새우
152,바지락
153,방울토마토
154,페퍼론치노
155,화이트와인
156,냉이
157,파마산치즈가루
158,가지
159,튀김가루
160,주꾸미
161,느타리버섯
162,브로콜리
163,죽염
164,소주
165,혼쯔유
166,플레인요거트
167,피클
168,오징어
169,무청시래기
170,조선간장
171,애호박
172,새송이버섯
173,기름
174,멸치
175,김치
176,김치국물
177,바닐라익스트랙
178,베이킹소다
179,초코칩
180,코코아파우더
181,초콜릿
182,멍게
183,톳
184,상추
185,카레
186,바닐라오일
187,딸기
188,식물성크림
189,커피가루
190,고등어
191,케첩
192,칠리소스
193,다크초콜릿
194,바닐라에센스
195,베이킹파우더
196,이스트
197,팥앙금
198,코코넛가루
199,연유
200,머위
201,초코우유
202,사탕
203,캔디
204,시샤모
205,드라이이스트
206,양상추
207,케찹
208,치즈크림
209,쌀가루
210,콘스타치
211,냉면무
212,참치캔
213,치즈
214,돌문어
215,호박
216,들깨가루
217,쫄면사리
218,미림
219,명이나물
220,찹쌀풀
221,아욱
222,쌀뜨물
223,갈치
224,청국장
225,멸치다시다
226,타임
227,탄산수
228,머랭쿠키
229,양배추
230,생강가루
231,문어
232,소라
233,미역
234,파스타
235,북어채
236,까나리액젓
237,미주구리
238,깍두기
239,푸실리파스타
240,표고버섯
241,그라나파다노치즈
242,바질페스토
243,아이스크림
244,양송이
245,들깨기름
246,서대
247,미역줄기
248,나쵸
249,인삼
250,로즈마리
251,피넛버터
252,그래놀라
253,통밀가루
254,초콜렛
255,중력분
256,전분
257,콩가루
258,당면
259,피망
260,우엉
261,어간장
262,조청
263,팽이버섯
264,두반장
265,두유
266,새우가루
267,조개
268,요거트
269,얼음
270,지퍼백
271,드라이오레가노
272,크러쉬드레드페퍼
273,홍합
274,무청
275,막장
276,오디
277,포도주
278,묵은지
279,콜리플라워
280,콩국물
281,배추
282,옥수수캔
283,청량고추
284,씀바귀뿌리
285,만두피
286,크랜베리
287,인절미
288,동치미
289,실치
290,민들레
291,체리
292,딸기잼
293,반건조오징어
294,짜장소스
295,칵테일새우
296,우스터소스
297,타바스코
298,제티
299,다원
300,새우젓
301,꽁치캔
302,키위
303,바닐라
304,크래미
305,머스타드
306,바닐라빈
307,옥수수전분
308,아몬드슬라이스
309,모시조개
310,넛맥
311,호두
312,두릅
313,핫케익가루
314,계피가루
315,벚꽃파우더
316,벚꽃에센스
317,백앙금
318,떡볶이떡
319,탈지분유
320,소프트T
321,개량제
322,산수유
323,쭈꾸미
324,라면사리
325,레드비트
326,피클링스파이스
327,칼국수
328,오트밀
329,호박씨
330,해바라기씨
331,코코넛슬라이스
332,건포도
333,건조열대과일
334,마늘대
335,깻잎
336,쌀
337,쑥
338,마
339,스파게티면
340,홍고추
341,휘핑크림
342,감태
343,다시다
344,샐러드
345,아보카도
346,레몬주스
347,옥수수스프
348,물만두
349,명란
350,방풍나물
351,밤
352,땅콩가루
353,물엿
354,포도
355,꼬지
356,명태포
357,오레오
358,쑥갓
359,모닝빵
360,홈런볼
361,이쑤시개
362,김밥용김
363,단무지
364,오징어젓갈
365,소면
366,면수
367,얼그레이가루
368,얼그레이티백
369,오렌지제스트
370,오렌지
371,봄동
372,취나물
373,바질가루
374,연두부
375,보리새우
376,백만송이버섯
377,골뱅이
378,덱스트로스
379,유기원당
380,건새우
381,오이무침
382,곰취
383,보리밥
384,청국장쌈장
385,부추
386,아스파라거스
387,갓김치
388,바나나
389,땅콩버터
390,오징어입
391,맛살
392,가시오가피
393,비트
394,배즙
395,우엉차
396,연어
397,허브
398,무순
399,와사비
400,잡곡
401,데리야끼소스
402,로메인
403,연근
404,다시마물
405,아로니아
406,우엉조림
407,쌈케일
408,고추잎
409,가리비
410,생면
411,청경채
412,낙지
413,미원
414,블루베리
415,버섯
416,숙주
417,레몬차
418,사과즙
419,소프트202
420,해바라기유
421,헴프씨드
422,톳페스토
423,양파잼
424,발사믹크림
425,딸기콩포트
426,엄나무순
427,찹쌀도나스믹스
428,비름나물
429,비트주스
430,배
431,스프링클
432,식용색소
433,참치
434,타피오카전분
435,몬스터크랩
436,마지팬
437,생선
438,카야잼
439,얼갈이배추
440,가쓰오부시
441,파김치
442,오일
443,다래순
444,박대
445,다시팩
446,돈나물
447,아보카도오일
448,화이트초콜렛
449,말차가루
450,깨찰빵믹스
451,자색고구마가루
452,레드피클
453,크루아상
454,하루나
455,백김치
456,세발나물
457,뉴슈가
458,모듬해물
459,혼다시
460,우동면
461,로제소스
462,사워크림
463,다이제
464,식물성오일
465,병아리콩
466,표고버섯칩
467,조미료
468,도라지
469,소금물
470,녹차가루
471,건홍합
472,염장꼬시래기
473,모자반
474,새싹순
475,핫소스
476,전복
477,참외
478,해산물
479,한라봉
480,꽃게
481,카카오닙스
482,호박잎
483,아몬드파우더
484,메이플시럽
485,흑임자가루
486,황태채
487,참치액젓
488,연겨자
489,베이글
490,옥수수
491,현미밥
492,마카로니
493,마늘가루
494,오레가노
495,사과잼
496,콜라비
497,망고
498,녹말가루
499,시래기
500,목이버섯
501,떡꼬치양념
502,바닐라아이스크림
503,레몬밤
504,떡
505,쫄면
506,조림간장
507,짜장가루
508,할라피뇨
509,무화과
510,라벤더티백
511,미더덕
512,쌍노두소스
513,매생이
514,관자
515,허브솔트
516,다포리
517,고구마순
518,해바라기씨유
519,양송이버섯
520,옥수수콘
521,가자미
522,땅콩
523,마늘쫑
524,옥수수분말
525,새싹보리싹
526,참당귀잎
527,디포리
528,팥죽
529,망고퓨레
530,파인애플
531,전분물
532,초코가루
533,단호박가루
534,호떡믹스
535,스위트콘
536,가죽나물
537,갈릭디핑소스
538,파스타소스
539,헤이즐넛
540,민트
541,겨자
542,갓
543,묵나물
544,동죽
545,페퍼민트
546,모과생강차
547,완두콩
548,곰피
549,갈치속젓
550,곤약
551,춘장
552,감자전분
553,홍초
554,깔라만시
555,현미유
556,바닐라가루
557,참타리버섯
558,양파청
559,딸기파우더
560,옥수수수염차
561,코코넛밀크
562,스테비아
563,사이다
564,옥수수가루
565,팥배기
566,쌈무
567,쑥가루
568,생강청
569,맛타리버섯
570,오렌지즙
571,레몬오일
572,시럽
573,들깨즙
574,대하
575,고수
576,강황가루
577,카다멈
578,커민
579,흰민들레국수
580,초코청크
581,꽁치
582,명태알
583,팥
584,크린베리
585,커피
586,핫케이크가루
587,귤
588,전복내장
589,메밀묵
590,딸기에센스
591,건크랜베리
592,맛소금
593,주키니호박
594,케일
595,파래
596,해물모듬
597,어린잎
598,핫케이크믹스
599,스파게티소스
600,코다리
601,메밀면
602,건빵
603,우거지
604,버섯가루
605,산초열매장아찌
606,분당
607,미향
608,고추장아찌
609,스테이크소스
610,쿠키믹스
611,와플
612,블루베리잼
613,수박
614,망고주스
615,중면
616,장아찌소스
617,발사믹글레이즈
618,발사믹식초
619,코코아가루
620,메기
621,머핀믹스
622,초코렛
623,생선살
624,누룽지
625,바닐라빈페이스트
626,짜사이
627,가래떡
628,산나물
629,동태
630,누텔라
631,빵
632,무
633,콩나물잡채
634,숭어
635,찹쌀
636,여주
637,치즈소스
638,귀리
639,오징어채
640,해삼채
641,광어
642,곤이
643,갈치포
644,해물
645,로투스
646,카라멜
647,잼
648,돌나물
649,고추냉이
650,에스프레소
651,오가피순
653,계피
654,송이버섯
655,옻나무순
656,뽕잎
657,삼치
658,알로에
659,황태머리
660,딜
661,칼국수면
662,백설기
663,새우장
664,크래커
665,임연수
666,쯔유
667,레몬제스트
668,파슬리가루
669,분유
670,인절미떡
671,유부주머니
672,스프
673,돗나물
674,은행
675,콩
676,멸치가루
677,유자청
678,바닐라향
679,통마늘
680,갑오징어
681,총각김치
682,전어
683,가쓰오부시장국
684,멸치장국
685,라이스페이퍼
686,땅콩소스
687,캐슈넛
688,만두
689,고구마줄기
690,먹태
691,자일리톨
692,진미채
693,샐러리
694,죽순
695,풀국
696,컬리플라워
697,검은콩
698,바나나에센스
699,라임쥬스
700,이리
701,월계수잎
702,홍어
703,연두
704,간장새우
705,명란젓
706,라즈베리잼
707,망고잼
708,그린빈
709,치즈가루
710,북어대가리
711,멸치조림
712,크림소스
713,미트볼소스
714,노가리
715,고사리
716,치자가루
717,열무
718,피자소스
719,면
720,다시물
721,돌자반
722,씨리얼
723,방아잎
724,무말랭이
725,라임즙
726,밀가루풀
727,창란젓
728,열무잎
729,딸기청
730,트러플오일
731,술
732,초코데코펜
733,늙은호박
734,알타리
735,돌게
736,딱새우
737,알밤
738,도미
739,수삼
740,동초
741,떡볶이
742,강낭콩
743,적양파
744,고추부각
745,매실
746,블랙올리브
747,케이퍼
748,밴댕이
749,넛맥가루
750,바닐라액
751,고추참치
752,홍시
753,애플민트
754,황태
755,요리당
756,굵은소금
757,꽃소금
758,건고추
759,반건조서대
760,아몬드분말
761,허니머스타드소스
762,장어
763,청양초
764,국수장국
765,유자차
766,땅콩잼
767,새싹
768,참깨드레싱
769,감자튀김
770,청초
771,크림
772,단감
773,파트아봄브크림
774,딸기가루
775,딸기퓌레
776,코코아
777,커피분말
778,새우튀김
779,황태껍질
780,푸실리
781,채소
782,타르트팬
783,민어
784,튀김반죽
785,이금기몽골리안비프소스
786,알배추
787,오이고추
788,냉동체리
789,파기름
790,크림토마토파스타소스
791,밤호박
792,다슬기
793,쌀국수
794,넙적당면
795,팟타이소스
796,아삭이고추
797,김가루
798,글루텐프리믹스
799,코코넛
800,북어
801,후리가케
802,유부
803,밤묵
804,대게
805,청고추
806,대두
807,방어
808,날치알
809,아마란스
810,비트잎
811,로즈잎
812,치커리
813,겨자잎
814,칠리후레이크
815,해시브라운
816,그린카레페이스트
817,청어
818,뱅어포
819,라즈베리
820,파프리카가루
821,조미김
822,계란빵믹스
823,엑스트라버진가니쉬
824,간장게장
825,호박고구마
826,건표고버섯
827,시나몬
828,홍갓
829,양파기름
830,새싹채소
831,화이트사워종
832,꼬시래기
833,무채
834,생강채
835,고구마가루
836,낙지젓갈
837,우럭
838,라구소스
839,라자냐면
840,무쌈
841,낫또
842,초간장소스
843,맵쌀가루
844,물미역
845,김자반
846,회
847,서더리
848,정종
849,깻잎순
850,밤고구마
851,월남쌈
852,카라멜소스
853,카라멜시럽
854,바지락통조림
855,양파간장
856,우렁
857,보리굴비
858,곤드레
859,자몽
860,라임
861,고다치즈
862,화이트소스
863,어린열무
864,솔치
865,맛감자
866,연어캔
867,갈릭칠리소스
868,미소된장
869,스리라차소스
870,비트가루
871,호박가루
872,초콜릿칩
873,흑설탕
874,브라우니
875,섬초
876,실파
877,튀김기름
878,파뿌리
879,케이크시트
880,리코타치즈
881,배추잎
882,대추
883,백설탕
884,초밥
885,수제비
886,뽕잎가루
887,야채
888,시조개
889,무생채
890,한치
891,원두커피믹스
892,유채유
893,강된장
894,알타리김치
895,메밀가루
896,민물가재
897,마라페이스트
898,유자잼
899,과메기
900,김밥
901,흑임자
902,파채
903,오이고추장아찌
904,홀그레인머스타드소스
905,홀스래디쉬소스
906,버섯야채볶음
907,사과식초
908,허니머스타드
909,나물
910,산딸기
911,비타민
912,피넛소스
913,바나나잼
914,요구르트
915,살구
916,배추김치
917,파운드케이크
918,맵쌀
919,백태콩
920,모과청
921,앙글레즈
922,산딸기잼
923,과일잼
924,튀김유
925,생태
926,간장연어장
927,토마토조림
928,베트남고추
929,분말
930,카스테라
931,웨하스
932,밀크잼
933,마시멜로우
934,비스킷
935,페투치네
936,허브가루
937,커스터드크림
938,우동
939,콘옥수수
940,마스카포네치즈
941,메로
942,밀가루떡
943,사누끼면
944,석류
945,석이버섯
946,소다
947,오렌지마멀레이드
948,송이버섯장조림
949,양념장
950,어린잎채소
951,초코파이
952,김말이
953,황도
954,황태포
955,배식초
956,중국당면
957,석이가루
958,샬롯
959,피쉬소스
960,떡국
961,새우만두
962,다시마액젓
963,좁쌀
964,찰수수쌀
965,곶감
966,백년초가루
967,만가닥버섯
968,화이트초코칩
969,감
970,잡채
971,호밀가루
972,게
973,천연조미료
974,쥐포
975,밀
976,새우탕면
977,실란트로
978,열빙어
979,고추장볶음
980,오이피클
981,치아씨드
982,송화버섯
983,정구지
984,레몬글라스
985,앙금
986,한천가루
987,장아찌
988,실곤약
989,파니니빵
990,포카치노빵
991,블루치즈드레싱
992,살사소스
993,국수
994,애느타리버섯
995,레몬청
996,글레이즈
997,레드향
998,스트링치즈
999,바나나과자
1000,바나나우유
1001,들깨
1002,애플망고
1003,퀴노아
1004,귤즙
1005,캐럿
1006,믹스가루
1007,자반고등어
1008,콘후레이크
1009,게장
1010,우동사리
1011,오징어링
1012,달걀과자
1013,오색면
1014,보리나물
1015,쌈채소
1016,간재미
1017,코코넛밀크파우더
1018,문어조림
1019,핫케익믹스
1020,부추소
1021,미숫가루
1022,귤잼
1023,날치
1024,파인애플잼
1025,문어숙회
1026,도넛믹스
1027,베이크드빈스
1028,오렌지주스
1029,훈제연어
1030,청상추
1031,파파야
1032,건딸기
1033,홍합살
1034,흑미밥
1035,무국
1036,다시멸치
1037,홍차티백
1038,프림
1039,돔베기
1040,화이트초콜릿
1041,레드자몽청
1042,솔방울
1043,파우더
1044,천혜향
1045,코코넛슈가
1046,시금치무침
1047,스프레이
1048,레인보우스프레드
1049,멜론
1050,아가베시럽
1051,밥죽
1052,청포도
1053,연어장
1054,골든시럽
1055,건과일
1056,옥수수알
1057,죠리퐁과자
1058,고추씨
1059,건다시마
1060,잎새버섯
1061,공심채
1062,호박꽃
1063,바질오일
1064,인스턴트커피
1065,밀떡
1066,오징어몸통
1067,총각무
1068,무절임
1069,과일
1070,참외장아찌
1071,고등어캔
1072,페퍼로니
1073,청피망
1074,찹쌉도너츠믹스
1075,화이트초코
1076,잡곡밥
1077,천도복숭아
1078,복숭아
1079,알감자
1080,건미역
1081,사과청
1082,오이소박이
1083,바질식초
1084,짬뽕라면
1085,엑스트라버진올리브유
1086,콩기름
1087,물김치
1088,유산지
1089,오븐
1090,마파두부소스
1091,요리유
1092,막걸리
1093,미니밤호박
1094,고추효소
1095,브라질너트
1096,마카다미아
1097,민트잎
1098,노각
1099,셀러리
1100,도넛
1101,오징어실채
1102,냉면
1103,고구마전분
1104,꼴뚜기
1105,적양배추
1106,메밀순
1107,박
1108,치아바타
1109,에멘탈치즈
1110,아몬드두유
1111,산낙지
1112,마늘면볶이
1113,찰보리가루
1114,찰보리빵믹스
1115,건대추
1116,편생강
1117,우뭇가사리
1118,라면스프
1119,만송이버섯
1120,현미쌀가루
1121,녹차티백
1122,수란
1123,콩크림
1124,모듬버섯
1125,건바질
1126,크레페
1127,자숙새우
1128,무화과잼
1129,계란장
1130,호밀빵
1131,버터오일
1132,깻잎페스토
1133,메밀
1134,가다랑어포
1135,딸기시럽
1136,청포묵
1137,잣가루
1138,시리얼
1139,취청오이
1140,타피오카펄
1141,흑당
1142,연자육
1143,연잎
1144,녹차물
1145,건방울토마토
1146,링귀니면
1147,과자
1148,샐러리잎
1149,그릭요거트
1150,스프링치즈
1151,바닐라설탕
1152,핫바
1153,다시마간장
1154,황태가루
1155,프로슈토
1156,크림스프분말
1157,카사레치아
1158,양념간장
1159,건무화과
1160,스프링롤피
1161,시판호떡믹스
1162,따뜻한물
1163,줄기콩
1164,성게알
1165,실고추
1166,북어포
1167,인스턴트커피가루
1168,파르미지아노레지아노치즈
1169,건무말랭이
1170,송이고버섯
1171,키조개
1172,불맛향미유
1173,치즈떡
1174,볶음기름
1175,무화과청
1176,비빔면
1177,코티지치즈
1178,옥돔
1179,앉은뱅이밀
1180,몬테리잭치즈
1181,적채
1182,주먹밥
1183,트윅스초콜릿바
1184,토마토페이스트
1185,오이지
1186,오만둥이
1187,냉동해물
1188,트레할로스
1189,생어거스틴그린커리
1190,냉동채소
1191,양조간장이나
1192,물갓김치
1193,흑임자묵
1194,햇콩
1195,스톡
1196,양심참깨박
1197,활꽃게
1198,콜라
1199,묵
1200,천연발효종
1201,알새우
1202,일미
1203,비지전
1204,와인
1205,장아찌국물
1206,대구포
1207,사천고추
1208,안초비
1209,깨순
1210,현미식초
1211,매실효소
1212,잎채소
1213,미니새송이버섯
1214,피꼬막
1215,무간장장아찌
1216,건멸치
1217,홍게
1218,비단조개
1219,짬뽕스프
1220,흑임자파우더
1221,아마씨
1222,초코잼
1223,마늘기름
1224,해초
1225,백간장
1226,초생강
1227,옥수수식빵
1228,통밀
1229,산초가루
1230,부지갱이
1231,꼬들빼기
1232,야채빵냉동생지
1233,백합
1234,삼치필레
1235,황기
1236,뻥튀기
1237,무청김치
1238,콩배기
1239,몰티져스
1240,짜파게티
1241,섭
1242,새우액젓
1243,롤만두
1244,자숙문어
1245,브라운버섯
1246,헤비크림
1247,비지
1248,크라프트콘
1249,삼색나물
1250,발효종
1251,트러플소금
1252,녹두
1253,얼그레이
1254,큐민
1255,초피액젓
1256,양파껍질다시팩
1257,시판용소스
1258,조미볶음
1259,얼그레이찻잎
1260,시나몬스틱
1261,밤페이스트
1262,보늬밤
1263,홍건새우
1264,쌀티밥
1265,블루베리퓨레
1266,찰기장
1267,자숙홍합
1268,명태껍질
1269,호밀식빵
1270,대구
1271,느억맘소스
1272,고추장아치간장
1273,함초금
1274,사과대추
1275,자색고구마
1276,양념
1277,앙글레즈버터크림
1278,체리잼
1279,원두가루
1280,커피리큐르
1281,바나나칩
1282,타히니소스
1283,큐민가루
1284,펜네
1285,레드키위
1286,감식초
1287,조미후레이크
1288,꼬치
1289,도토리가루
1290,새꼬막
1291,소금장
1292,오렌지필
1293,오렌지술
1294,한천
1295,자일로스설탕
1296,요거트파우더
1297,다시마채
1298,오징어다리
1299,색소
1300,호박나물
1301,샐러리가루
1302,가자미식해
1303,오이지무침
1304,짠지무침
1305,까르보나라소스
1306,얼그레이티
1307,까사리파래
1308,흑미가루
1309,단호박조림
1310,조각다시마
1311,스틱과자
1312,초코펜
1313,무즙
1314,자숙피꼬막
1315,샐러드채소
1316,템페
1317,주꾸미볶음면
1318,송고버섯
1319,엿기름
1320,탈리올리니
1321,캐찹
1322,노루궁뎅이버섯
1323,마라소스
1324,파말
1325,과일치즈
1326,스모크치즈
1327,홍당무
1328,머스코바도
1329,깔루아
1330,쌀과자
1331,왕새우
1332,레드칠리고추
1333,월남고추
1334,블랙타이거새우
1335,쌀국수면
1336,바질드레싱
1337,춘권피
1338,작두콩차
1339,서리태
1340,배지밀
1341,산마
1342,맛송이버섯
1343,종이컵
1344,현미가루
1345,복숭아통조림
1346,자두
1347,검은콩국물
1348,매실장아찌
1349,표고가루
1350,쌈
1351,만뿌리버섯
1352,초코볼
1353,마가린
1354,버터크림
1355,렐리쉬
1356,돈까스소스
1357,식용꽃
1358,컵라면
1359,부추페스토
1360,페스토
1361,통감자
1362,바닐라페이스트
1363,딸기리큐르
1364,딸기초코칩
1365,딸기초콜릿
1366,건조톳
1367,말차
1368,카카오버터
1369,콰트로치즈
1370,전갱이회
1371,늘보리
1372,흑미
1373,건파래
1374,콩줄기
1375,화이트발사믹식초
1376,루꼴라페스토
1377,무나물
1378,비빔고추장
1379,멸치볶음
1380,밥친구
1381,냉동새우
1382,푸주
1383,채식조미료
1384,파래가루
1385,다코야끼분말
1386,용꽃
1387,토핑
1388,인절미가루
1389,샌드과자
1390,건매생이
1391,꽃빵
1392,채식표고액젓
1393,자몽청
1394,보리가루
1395,리소스
1396,카라멜크림
1397,오렌지리큐르
1398,열기
1399,가재새우
1400,포두부
1401,스위트칠리
1402,쌈야채
1403,동충하초
1404,참크래커
1405,치즈시즈닝가루
1406,게내장
1407,질경이
1408,젓국
1409,오트밀가루
1410,레몬껍질
1411,팝콘옥수수
1412,허니머스타드드레싱
1413,찹쌀떡
1414,달고나
1415,메밀소바장국
1416,유자드레싱
1417,새싹나물
1418,갯가재
1419,양념쭈꾸미볶음
1420,냉동우동사리
1421,깻잎꽃대
1422,탕종
1423,비트즙
1424,반건조우럭
1425,와플믹스
1426,펄슈가
1427,퍼피콩
1428,바질잎
1429,호박고지
1430,씨앗
1431,해파리
1432,홍게간장
1433,샤인머스켓
1434,흑임자페이스트
1435,버터밀크
1436,오트
1437,거봉
1438,건보리새우
1439,모듬채소
1440,흑미쌀가루
1441,화이트식초
1442,에리스리톨
1443,전
1444,헤이즐넛초코크림
1445,초코핫케이크가루
1446,겨울초
1447,조랭이떡
1448,코코볼
1449,배추시래기
1450,밥새우
1451,로투스스프레드
1452,두부면
1453,식용프린트
1454,식용더스팅골드파우더
1455,코앵트로
1456,짜조피
1457,명절나물
1458,버터넛스쿼시
1459,팬케이크믹스
1460,커스터드크림믹스
1461,송편
1462,노두유
1463,페코리노치즈
1464,에그샐러드
1465,감자샐러드
1466,타코와사비
1467,다크초코칩
1468,토란줄기
1469,코코아닙스
1470,토마토칠리소스
1471,병어
1472,토란
1473,건망고
1474,고구마무스
1475,초란
1476,조개젓
1477,시즈닝가루
1478,갓장아찌
1479,카카오가루
1480,무청우거지
1481,감자수제비
1482,초코시럽
1483,육두구
1484,망초대나물
1485,키조개관자
1486,사워도우
1487,베이글세서미시즈닝
1488,천사채
1489,과일발효초
1490,미니크래커
1491,반건조무화과
1492,건살구
1493,호밀빵가루
1494,핫칠리소스
1495,르방
1496,사과진액
1497,무화과진액
1498,영양갱
1499,연근대
1500,참깨소스
1501,히비스커스차
1502,베파
1503,트윙클펄스
1504,멸치다싯물
1505,돌파래자반
1506,얼그레이홍차가루
1507,얼그레이밀크
1508,얼그레이홍차잎
1509,미꾸라지
1510,명엽채
1511,바나나크림치즈
1512,계절과일
1513,잉글리쉬머핀
1514,아이싱슈가
1515,그린올리브
1516,피조개
1517,마늘콩소스
1518,핫도그용빵
